{
	"type": "minecraft:mul",
	"argument1": "tectonic:__constants/lava_tunnels",
	"argument2": {
		"type": "minecraft:min",
		"argument1": 0,
		"argument2": {
			"type": "minecraft:spline",
			"spline": {
				"coordinate": "tectonic:__constants/above_bottom_y",
				"points": [
					{
						"location": 6,
						"derivative": 0,
						"value": 0
					},
					{
						"location": 12,
						"derivative": 0,
						"value": {
							"coordinate": "tectonic:lava_tunnel/ridges",
							"points": [
								{
									"location": 0,
									"derivative": 1,
									"value": 0
								}
							]
						}
					},
					{
						"location": 18,
						"derivative": 0,
						"value": {
							"coordinate": "tectonic:lava_tunnel/ridges",
							"points": [
								{
									"location": 0,
									"derivative": 0.2,
									"value": 0
								}
							]
						}
					},
					{
						"location": 24,
						"derivative": 0,
						"value": 0
					}
				]
			}
		}
	}
}