{
  "type": "minecraft:clamp",
  "input": {
    "type": "minecraft:mul",
    "argument1": {
      "type": "tectonic:invert",
      "argument": {
        "type": "minecraft:clamp",
        "input": {
          "type": "tectonic:config_constant",
          "key": "depth_cutoff_size"
        },
        "min": 0.001,
        "max": 64
      }
    },
    "argument2": {
      "type": "minecraft:add",
      "argument1": "tectonic:depth",
      "argument2": {
        "type": "minecraft:mul",
        "argument1": -1,
        "argument2": {
          "type": "tectonic:config_constant",
          "key": "depth_cutoff_start"
        }
      }
    }
  },
  "min": 0,
  "max": 1
}