{
  "feature": "tectonic:river_lanterns",
  "placement": [
    {
      "type": "lithostitched:noise_slope",
      "noise": "tectonic:river_lanterns",
      "slope": 3,
      "offset": -2,
      "xz_scale": 0.17,
      "y_scale": 0
    },
    {
      "type": "minecraft:in_square"
    },
    {
      "type": "minecraft:height_range",
      "height": {
        "absolute": 64
      }
    },
    {
      "type": "lithostitched:condition",
      "condition": {
        "type": "lithostitched:sample_density",
        "density_function": "tectonic:underground_river/parameters",
        "min_inclusive": 1,
        "max_inclusive": 1
      }
    },
    {
      "type": "minecraft:environment_scan",
      "direction_of_search": "up",
      "max_steps": 30,
      "target_condition": {
        "type": "minecraft:has_sturdy_face",
        "offset": [
          0,
          1,
          0
        ],
        "direction": "down"
      },
      "allowed_search_condition": {
        "type": "minecraft:matching_blocks",
        "blocks": "minecraft:air"
      }
    }
  ]
}