{
    "pools": [
        {
            "rolls": 6,
            "bonus_rolls": 9,
            "entries": [
                {
                    "type": "minecraft:item",
                    "weight": 200,
                    "name": "minecraft:iron_sword",
                    "functions": [
                        {
                            "function": "minecraft:enchant_with_levels",
                            "levels": {
                                "min": 20,
                                "max": 30
                            },
                            "options": "#minecraft:on_random_loot",
                            "conditions": [
                                {
                                    "condition": "minecraft:random_chance",
                                    "chance": 0.8
                                }
                            ]
                        }
                    ]
                },
                {
                    "type": "minecraft:item",
                    "weight": 200,
                    "name": "minecraft:iron_axe",
                    "functions": [
                        {
                            "function": "minecraft:enchant_randomly",
                            "options": [
                                "minecraft:sharpness"
                            ],
                            "conditions": [
                                {
                                    "condition": "minecraft:random_chance",
                                    "chance": 0.4
                                }
                            ]
                        },
                        {
                            "function": "minecraft:enchant_with_levels",
                            "levels": {
                                "min": 20,
                                "max": 30
                            },
                            "options": "#minecraft:on_random_loot"
                        }
                    ]
                },
                {
                    "type": "minecraft:item",
                    "weight": 40,
                    "name": "minecraft:bow",
                    "functions": [
                        {
                            "function": "minecraft:enchant_with_levels",
                            "levels": {
                                "min": 20,
                                "max": 30
                            },
                            "options": "#minecraft:on_random_loot",
                            "conditions": [
                                {
                                    "condition": "minecraft:random_chance",
                                    "chance": 0.9
                                }
                            ]
                        }
                    ]
                },
                {
                    "type": "minecraft:item",
                    "weight": 250,
                    "name": "minecraft:crossbow",
                    "functions": [
                        {
                            "function": "minecraft:enchant_with_levels",
                            "levels": {
                                "min": 20,
                                "max": 30
                            },
                            "options": "#minecraft:on_random_loot",
                            "conditions": [
                                {
                                    "condition": "minecraft:random_chance",
                                    "chance": 0.8
                                }
                            ]
                        }
                    ]
                },
                {
                    "type": "minecraft:item",
                    "weight": 1,
                    "name": "minecraft:enchanted_golden_apple"
                },
                {
                    "type": "minecraft:item",
                    "weight": 15,
                    "name": "minecraft:golden_apple"
                },
                {
                    "type": "minecraft:item",
                    "weight": 200,
                    "name": "minecraft:book",
                    "functions": [
                        {
                            "function": "minecraft:enchant_with_levels",
                            "levels": {
                                "min": 15,
                                "max": 30
                            },
                            "options": "#minecraft:on_random_loot"
                        }
                    ]
                },
                {
                    "type": "minecraft:loot_table",
                    "weight": 200,
                    "value": "incendium:sanctum/potions"
                },
                {
                    "type": "minecraft:item",
                    "weight": 40,
                    "name": "minecraft:tipped_arrow",
                    "functions": [
                        {
                            "function": "minecraft:set_count",
                            "count": {
                                "min": 1,
                                "max": 6
                            }
                        },
                        {
                            "function": "minecraft:set_potion",
                            "id": "minecraft:strong_harming"
                        }
                    ]
                },
                {
                    "type": "minecraft:item",
                    "weight": 60,
                    "name": "minecraft:tipped_arrow",
                    "functions": [
                        {
                            "function": "minecraft:set_count",
                            "count": {
                                "min": 1,
                                "max": 8
                            }
                        },
                        {
                            "function": "minecraft:set_potion",
                            "id": "minecraft:harming"
                        }
                    ]
                },
                {
                    "type": "minecraft:item",
                    "weight": 100,
                    "name": "minecraft:flint_and_steel",
                    "functions": [
                        {
                            "function": "minecraft:enchant_randomly",
                            "options": [
                                "minecraft:mending"
                            ],
                            "conditions": [
                                {
                                    "condition": "minecraft:random_chance",
                                    "chance": 0.2
                                }
                            ]
                        },
                        {
                            "function": "minecraft:enchant_randomly",
                            "options": [
                                "minecraft:unbreaking"
                            ],
                            "conditions": [
                                {
                                    "condition": "minecraft:random_chance",
                                    "chance": 0.5
                                }
                            ]
                        },
                        {
                            "function": "minecraft:enchant_randomly",
                            "options": [
                                "minecraft:vanishing_curse"
                            ],
                            "conditions": [
                                {
                                    "condition": "minecraft:random_chance",
                                    "chance": 0.1
                                }
                            ]
                        }
                    ]
                },
                {
                    "type": "minecraft:item",
                    "weight": 200,
                    "name": "minecraft:iron_helmet",
                    "functions": [
                        {
                            "function": "minecraft:enchant_with_levels",
                            "levels": {
                                "min": 20,
                                "max": 30
                            },
                            "options": "#minecraft:on_random_loot",
                            "conditions": [
                                {
                                    "condition": "minecraft:random_chance",
                                    "chance": 0.8
                                }
                            ]
                        }
                    ]
                },
                {
                    "type": "minecraft:item",
                    "weight": 200,
                    "name": "minecraft:iron_leggings",
                    "functions": [
                        {
                            "function": "minecraft:enchant_with_levels",
                            "levels": {
                                "min": 20,
                                "max": 30
                            },
                            "options": "#minecraft:on_random_loot",
                            "conditions": [
                                {
                                    "condition": "minecraft:random_chance",
                                    "chance": 0.8
                                }
                            ]
                        }
                    ]
                },
                {
                    "type": "minecraft:item",
                    "weight": 200,
                    "name": "minecraft:iron_boots",
                    "functions": [
                        {
                            "function": "minecraft:enchant_with_levels",
                            "levels": {
                                "min": 20,
                                "max": 30
                            },
                            "options": "#minecraft:on_random_loot",
                            "conditions": [
                                {
                                    "condition": "minecraft:random_chance",
                                    "chance": 0.8
                                }
                            ]
                        }
                    ]
                },
                {
                    "type": "minecraft:item",
                    "weight": 200,
                    "name": "minecraft:iron_chestplate",
                    "functions": [
                        {
                            "function": "minecraft:enchant_with_levels",
                            "levels": {
                                "min": 20,
                                "max": 30
                            },
                            "options": "#minecraft:on_random_loot",
                            "conditions": [
                                {
                                    "condition": "minecraft:random_chance",
                                    "chance": 0.8
                                }
                            ]
                        }
                    ]
                },
                {
                    "type": "minecraft:item",
                    "weight": 30,
                    "name": "minecraft:emerald_block"
                },
                {
                    "type": "minecraft:item",
                    "weight": 30,
                    "name": "minecraft:chiseled_quartz_block"
                },
                {
                    "type": "minecraft:item",
                    "weight": 200,
                    "name": "minecraft:quartz",
                    "functions": [
                        {
                            "function": "minecraft:set_count",
                            "count": {
                                "min": 5,
                                "max": 20
                            }
                        }
                    ]
                },
                {
                    "type": "minecraft:item",
                    "weight": 200,
                    "name": "minecraft:bread",
                    "functions": [
                        {
                            "function": "minecraft:set_count",
                            "count": {
                                "min": 3,
                                "max": 6
                            }
                        }
                    ]
                },
                {
                    "type": "minecraft:item",
                    "weight": 150,
                    "name": "minecraft:spectral_arrow",
                    "functions": [
                        {
                            "function": "minecraft:set_count",
                            "count": {
                                "min": 5,
                                "max": 15
                            }
                        }
                    ]
                },
                {
                    "type": "minecraft:item",
                    "weight": 200,
                    "name": "minecraft:cooked_porkchop",
                    "functions": [
                        {
                            "function": "minecraft:set_count",
                            "count": {
                                "min": 2,
                                "max": 5
                            }
                        }
                    ]
                },
                {
                    "type": "minecraft:item",
                    "weight": 45,
                    "name": "minecraft:diamond",
                    "functions": [
                        {
                            "function": "minecraft:set_count",
                            "count": {
                                "min": 1,
                                "max": 3
                            }
                        }
                    ]
                },
                {
                    "type": "minecraft:item",
                    "weight": 15,
                    "name": "minecraft:ancient_debris"
                },
                {
                    "type": "minecraft:item",
                    "name": "minecraft:iron_ingot",
                    "functions": [
                        {
                            "function": "minecraft:set_count",
                            "count": {
                                "min": 1,
                                "max": 5
                            }
                        }
                    ]
                },
                {
                    "type": "minecraft:item",
                    "quality": 300,
                    "name": "minecraft:stone",
                    "functions": [
                        {
                            "function": "minecraft:set_count",
                            "count": {
                                "min": 1,
                                "max": 4
                            }
                        }
                    ]
                },
                {
                    "type": "minecraft:item",
                    "weight": 250,
                    "name": "minecraft:emerald",
                    "functions": [
                        {
                            "function": "minecraft:set_count",
                            "count": {
                                "min": 1,
                                "max": 5
                            }
                        }
                    ]
                }
            ]
        }
    ]
}