{
    "display": {
        "icon": {
            "id": "polished_basalt"
        },
        "title": {
            "translate": "incendium.advancement.volcanic_deltas.root.title",
            "fallback": "Hellfire Mantle"
        },
        "description": {
            "translate": "incendium.advancement.volcanic_deltas.root.desc",
            "fallback": "Enter the chaotic Volcanic Deltas"
        },
        "frame": "task",
        "show_toast": true,
        "announce_to_chat": true,
        "hidden": false
    },
    "parent": "incendium:root",
    "criteria": {
        "incendium:volcanic_deltas": {
            "trigger": "minecraft:location",
            "conditions": {
                "player": {
                    "location": {
                        "biomes": "incendium:volcanic_deltas"
                    }
                }
            }
        }
    }
}