{
  "attributes": {
    "minecraft:audio/background_music": {
      "default": {
        "sound": "minecraft:music.nether.nether_wastes",
        "min_delay": 12000,
        "max_delay": 24000,
        "replace_current_music": false
      }
    },
    "minecraft:audio/ambient_sounds": {
      "loop": "minecraft:ambient.crimson_forest.loop",
      "mood": {
        "sound": "minecraft:ambient.crimson_forest.mood",
        "tick_delay": 6000,
        "block_search_extent": 8,
        "offset": 2
      },
      "additions": {
        "sound": "minecraft:ambient.nether_wastes.additions",
        "tick_chance": 0.0111
      }
    },
    "minecraft:visual/fog_color": 6835787,
    "minecraft:visual/sky_color": 13590016,
    "minecraft:visual/water_fog_color": 4341314
  },
  "temperature": 2,
  "downfall": 0,
  "effects": {
    "water_color": 4159204
  },
  "has_precipitation": false,
  "carvers": [
    "minecraft:nether_cave",
    "incendium:big_cave"
  ],
  "features": [
    [
      "incendium:infernal_dunes/dune"
    ],
    [],
    [],
    [],
    [],
    [],
    [],
    [
      "incendium:infernal_dunes/delta",
      "incendium:infernal_dunes/bush",
      "incendium:infernal_dunes/blood_vines",
      "incendium:infernal_dunes/blood_vines_long",
      "minecraft:spring_delta",
      "minecraft:patch_fire",
      "minecraft:patch_soul_fire",
      "minecraft:glowstone_extra",
      "minecraft:glowstone",
      "minecraft:brown_mushroom_nether",
      "minecraft:red_mushroom_nether",
      "minecraft:ore_magma",
      "minecraft:spring_closed_double",
      "minecraft:ore_gold_nether",
      "minecraft:ore_quartz_nether",
      "minecraft:ore_ancient_debris_large",
      "minecraft:ore_debris_small"
    ]
  ],
  "spawners": {
    "water_ambient": [],
    "ambient": [],
    "misc": [],
    "water_creature": [],
    "creature": [
      {
        "type": "minecraft:strider",
        "weight": 60,
        "minCount": 1,
        "maxCount": 2
      }
    ],
    "monster": [
      {
        "type": "minecraft:blaze",
        "weight": 20,
        "minCount": 1,
        "maxCount": 3
      },
      {
        "type": "minecraft:magma_cube",
        "weight": 5,
        "minCount": 1,
        "maxCount": 3
      }
    ]
  },
  "spawn_costs": {}
}