{
  "attributes": {
    "minecraft:audio/background_music": {
      "default": {
        "sound": "minecraft:music.nether.warped_forest",
        "min_delay": 12000,
        "max_delay": 24000,
        "replace_current_music": false
      }
    },
    "minecraft:audio/ambient_sounds": {
      "loop": "minecraft:ambient.warped_forest.loop",
      "mood": {
        "sound": "minecraft:ambient.warped_forest.mood",
        "tick_delay": 6000,
        "block_search_extent": 8,
        "offset": 2
      },
      "additions": {
        "sound": "minecraft:ambient.warped_forest.additions",
        "tick_chance": 0.0111
      }
    },
    "minecraft:visual/fog_color": 1705242,
    "minecraft:visual/sky_color": 7254527,
    "minecraft:visual/water_fog_color": 329011,
    "minecraft:visual/ambient_particles": [
      {
        "particle": {
          "type": "minecraft:warped_spore"
        },
        "probability": 0.01428
      }
    ]
  },
  "temperature": 2,
  "downfall": 0,
  "effects": {
    "water_color": 4159204
  },
  "has_precipitation": false,
  "carvers": [
    "minecraft:nether_cave",
    "incendium:big_cave"
  ],
  "features": [
    [
      "incendium:inverted_forest/trees_extra",
      "incendium:inverted_forest/trees_step2_big",
      "incendium:inverted_forest/trees_step1",
      "incendium:inverted_forest/trees_step2",
      "incendium:inverted_forest/trees_up_outer",
      "incendium:inverted_forest/trees_up_inner",
      "incendium:inverted_forest/trees_vines"
    ],
    [],
    [],
    [],
    [],
    [],
    [],
    [
      "minecraft:spring_open",
      "minecraft:patch_fire",
      "minecraft:patch_soul_fire",
      "minecraft:glowstone_extra",
      "minecraft:glowstone",
      "minecraft:ore_magma",
      "minecraft:spring_closed",
      "minecraft:ore_gravel_nether",
      "minecraft:ore_blackstone",
      "minecraft:ore_gold_nether",
      "minecraft:ore_quartz_nether",
      "minecraft:ore_ancient_debris_large",
      "minecraft:ore_debris_small"
    ],
    [],
    [
      "minecraft:spring_lava",
      "minecraft:brown_mushroom_normal",
      "minecraft:red_mushroom_normal",
      "warped_forest_vegetation",
      "minecraft:nether_sprouts",
      "minecraft:twisting_vines"
    ]
  ],
  "spawners": {
    "monster": [
      {
        "type": "minecraft:enderman",
        "weight": 1,
        "minCount": 4,
        "maxCount": 4
      }
    ],
    "creature": [
      {
        "type": "minecraft:strider",
        "weight": 60,
        "minCount": 1,
        "maxCount": 2
      }
    ],
    "ambient": [],
    "axolotls": [],
    "underground_water_creature": [],
    "water_creature": [],
    "water_ambient": [],
    "misc": []
  },
  "spawn_costs": {
    "minecraft:enderman": {
      "energy_budget": 0.12,
      "charge": 1
    }
  }
}