{
  "attributes": {
    "minecraft:audio/background_music": {
      "default": {
        "sound": "minecraft:music.nether.basalt_deltas",
        "min_delay": 12000,
        "max_delay": 24000,
        "replace_current_music": false
      }
    },
    "minecraft:audio/ambient_sounds": {
      "loop": "minecraft:ambient.basalt_deltas.loop",
      "mood": {
        "sound": "minecraft:ambient.nether_wastes.mood",
        "tick_delay": 6000,
        "block_search_extent": 8,
        "offset": 2
      },
      "additions": {
        "sound": "minecraft:ambient.warped_forest.additions",
        "tick_chance": 0.02
      }
    },
    "minecraft:visual/fog_color": 7303732,
    "minecraft:visual/sky_color": 7254527,
    "minecraft:visual/water_fog_color": 329011,
    "minecraft:visual/ambient_particles": [
      {
        "particle": {
          "type": "minecraft:dust",
          "color": [
            0.5,
            0.9,
            0.1
          ],
          "scale": 1
        },
        "probability": 0.01
      },
      {
        "particle": {
          "type": "minecraft:copper_fire_flame"
        },
        "probability": 0.001
      }
    ]
  },
  "temperature": 2,
  "downfall": 0,
  "effects": {
    "water_color": 4159204
  },
  "has_precipitation": false,
  "carvers": [
    "minecraft:nether_cave"
  ],
  "features": [
    [
      "incendium:toxic_heap/spike",
      "incendium:toxic_heap/junk_pile"
    ],
    [],
    [],
    [],
    [],
    [],
    [
      "incendium:toxic_heap/lava_flows"
    ],
    [
      "minecraft:spring_open",
      "minecraft:patch_fire",
      "minecraft:patch_soul_fire",
      "minecraft:glowstone_extra",
      "minecraft:glowstone",
      "minecraft:brown_mushroom_nether",
      "minecraft:red_mushroom_nether",
      "minecraft:ore_magma",
      "minecraft:spring_closed",
      "minecraft:ore_gravel_nether",
      "minecraft:ore_blackstone",
      "minecraft:ore_gold_nether",
      "minecraft:ore_quartz_nether",
      "minecraft:ore_ancient_debris_large",
      "minecraft:ore_debris_small"
    ],
    [],
    [
      "minecraft:spring_lava",
      "minecraft:brown_mushroom_normal",
      "minecraft:red_mushroom_normal"
    ]
  ],
  "spawners": {
    "monster": [
      {
        "type": "minecraft:phantom",
        "weight": 10,
        "minCount": 1,
        "maxCount": 1
      },
      {
        "type": "minecraft:magma_cube",
        "weight": 90,
        "minCount": 1,
        "maxCount": 3
      }
    ],
    "creature": [
      {
        "type": "minecraft:strider",
        "weight": 60,
        "minCount": 1,
        "maxCount": 2
      }
    ],
    "ambient": [],
    "water_creature": [],
    "water_ambient": [],
    "misc": []
  },
  "spawn_costs": {
    "minecraft:phantom": {
      "energy_budget": 0.15,
      "charge": 0.7
    }
  }
}