{
  "attributes": {
    "minecraft:audio/background_music": {
      "default": {
        "sound": "minecraft:music.nether.basalt_deltas",
        "min_delay": 12000,
        "max_delay": 24000,
        "replace_current_music": false
      }
    },
    "minecraft:audio/ambient_sounds": {
      "loop": "minecraft:ambient.basalt_deltas.loop",
      "mood": {
        "sound": "minecraft:ambient.basalt_deltas.mood",
        "tick_delay": 6000,
        "block_search_extent": 8,
        "offset": 2
      },
      "additions": {
        "sound": "minecraft:ambient.basalt_deltas.additions",
        "tick_chance": 0.0111
      }
    },
    "minecraft:visual/fog_color": 8215650,
    "minecraft:visual/sky_color": 7254527,
    "minecraft:visual/water_fog_color": 4341314,
    "minecraft:visual/ambient_particles": [
      {
        "particle": {
          "type": "minecraft:white_ash"
        },
        "probability": 0.1
      }
    ]
  },
  "temperature": 2,
  "downfall": 0,
  "effects": {
    "water_color": 6116194
  },
  "has_precipitation": false,
  "carvers": [
    "minecraft:nether_cave",
    "incendium:big_cave"
  ],
  "features": [
    [
      "incendium:volcanic_deltas/eruption"
    ],
    [],
    [],
    [],
    [
      "incendium:volcanic_deltas/delta",
      "minecraft:small_basalt_columns",
      "minecraft:large_basalt_columns"
    ],
    [],
    [],
    [
      "minecraft:basalt_blobs",
      "minecraft:blackstone_blobs",
      "minecraft:spring_delta",
      "minecraft:patch_fire",
      "minecraft:patch_soul_fire",
      "minecraft:glowstone_extra",
      "minecraft:glowstone",
      "minecraft:brown_mushroom_nether",
      "minecraft:red_mushroom_nether",
      "minecraft:ore_magma",
      "minecraft:spring_closed_double",
      "minecraft:ore_gold_deltas",
      "minecraft:ore_quartz_deltas",
      "minecraft:ore_ancient_debris_large",
      "minecraft:ore_debris_small"
    ]
  ],
  "spawners": {
    "water_ambient": [],
    "ambient": [],
    "misc": [],
    "water_creature": [],
    "creature": [
      {
        "type": "minecraft:strider",
        "weight": 60,
        "minCount": 1,
        "maxCount": 2
      }
    ],
    "monster": [
      {
        "type": "minecraft:ghast",
        "weight": 50,
        "minCount": 8,
        "maxCount": 8
      },
      {
        "type": "minecraft:magma_cube",
        "weight": 50,
        "minCount": 2,
        "maxCount": 3
      },
      {
        "type": "minecraft:blaze",
        "weight": 20,
        "minCount": 1,
        "maxCount": 1
      }
    ]
  },
  "spawn_costs": {}
}