{
    "display": {
        "icon": {
            "id": "blackstone"
        },
        "title": {
            "translate": "incendium.advancement.withered_forest.root.title",
            "fallback": "Ancient Battlefield"
        },
        "description": {
            "translate": "incendium.advancement.withered_forest.root.desc",
            "fallback": "Enter the Withered Forest, ancestral battleground of the Piglins and Wither Skeletons"
        },
        "frame": "task",
        "show_toast": true,
        "announce_to_chat": true,
        "hidden": false
    },
    "parent": "incendium:root",
    "criteria": {
        "requirement": {
            "trigger": "minecraft:location",
            "conditions": {
                "player": {
                    "location": {
                        "biomes": "incendium:withered_forest"
                    }
                }
            }
        }
    }
}