{
  "type": "minecraft:flat_cache",
  "argument": {
    "type": "minecraft:cache_2d",
    "argument": {
      "type": "minecraft:add",
      "argument1": {
        "type": "minecraft:mul",
        "argument1": {
          "type": "minecraft:blend_offset"
        },
        "argument2": {
          "type": "minecraft:add",
          "argument1": 1,
          "argument2": {
            "type": "minecraft:mul",
            "argument1": -1,
            "argument2": "tectonic:blend_alpha"
          }
        }
      },
      "argument2": {
        "type": "minecraft:mul",
        "argument1": {
          "type": "minecraft:add",
          "argument1": -0.5037500262260437,
          "argument2": {
            "type": "minecraft:max",
            "argument1": {
              "type": "minecraft:min",
              "argument1": {
                "type": "minecraft:add",
                "argument1": {
                  "type": "minecraft:mul",
                  "argument1": "tectonic:island_selector",
                  "argument2": "tectonic:terrain_spline/offset/islands"
                },
                "argument2": {
                  "type": "minecraft:mul",
                  "argument1": "tectonic:continent_selector",
                  "argument2": {
                    "type": "minecraft:mul",
                    "argument1": {
                      "type": "minecraft:range_choice",
                      "input": "tectonic:terrain_spline/offset/continents",
                      "min_inclusive": 0,
                      "max_exclusive": 64,
                      "when_in_range": "tectonic:__constants/vertical_scale",
                      "when_out_of_range": 1
                    },
                    "argument2": "tectonic:terrain_spline/offset/continents"
                  }
                }
              },
              "argument2": "tectonic:__constants/max_offset"
            },
            "argument2": "tectonic:__constants/min_offset"
          }
        },
        "argument2": "tectonic:blend_alpha"
      }
    }
  }
}