{
    "parent": "incendium:technical/root",
    "criteria": {
        "requirement": {
            "trigger": "minecraft:player_interacted_with_entity",
            "conditions": {
                "player": [
                    {
                        "condition": "minecraft:entity_properties",
                        "entity": "this",
                        "predicate": {
                            "location": {
                                "structures": "incendium:forbidden_castle",
                                "dimension": "minecraft:the_nether"
                            }
                        }
                    }
                ],
                "entity": [
                    {
                        "condition": "minecraft:entity_properties",
                        "entity": "this",
                        "predicate": {
                            "type": "minecraft:armor_stand",
                            "nbt": "{Tags:[\"in.sword\"]}",
                            "equipment": {
                                "mainhand": {
                                    "count": 0
                                }
                            }
                        }
                    }
                ]
            }
        }
    },
    "rewards": {
        "function": "incendium:castle/utils/action/alert"
    }
}