{
    "attributes": {
        "minecraft:visual/fog_color": 10518688,
        "minecraft:visual/water_fog_color": 329011,
        "minecraft:visual/sky_color": 0,
        "minecraft:visual/ambient_particles": [
            {
                "particle": {
                    "type": "minecraft:falling_obsidian_tear"
                },
                "probability": 0.01
            }
        ],
        "minecraft:audio/ambient_sounds": {
            "mood": {
                "sound": "minecraft:ambient.basalt_deltas.mood",
                "tick_delay": 6000,
                "block_search_extent": 8,
                "offset": 2
            },
            "loop": "minecraft:ambient.soul_sand_valley.loop",
            "additions": {
                "sound": "minecraft:block.amethyst_block.chime",
                "tick_chance": 0.004
            }
        }
    },
    "temperature": 0.5,
    "downfall": 0.5,
    "has_precipitation": false,
    "effects": {
        "water_color": 9995221,
        "grass_color": 10717400,
        "foliage_color": 4561369
    },
    "spawners": {
        "monster": [
            {
                "type": "minecraft:enderman",
                "weight": 10,
                "minCount": 4,
                "maxCount": 4
            }
        ],
        "creature": [],
        "ambient": [],
        "axolotls": [],
        "underground_water_creature": [],
        "water_creature": [],
        "water_ambient": [],
        "misc": []
    },
    "spawn_costs": {},
    "carvers": [],
    "features": [
        [
            "nullscape:crystal/crystal"
        ],
        [],
        [],
        [],
        [
            "minecraft:end_gateway_return"
        ],
        [],
        [],
        [],
        [],
        []
    ]
}