{
  "aquifers_enabled": true,
  "ore_veins_enabled": true,
  "legacy_random_source": false,
  "noise": {
    "size_horizontal": 1,
    "size_vertical": 2,
    "min_y": -64,
    "height": 384
  },
  "sea_level": 63,
  "disable_mob_generation": false,
  "default_fluid": {
    "Properties": {
      "level": "0"
    },
    "Name": "minecraft:water"
  },
  "noise_router": {
    "barrier": "minecraft:overworld/noise_router/barrier",
    "continents": "minecraft:overworld/noise_router/continents",
    "depth": "minecraft:overworld/noise_router/depth",
    "erosion": "minecraft:overworld/noise_router/erosion",
    "final_density": "minecraft:overworld/noise_router/final_density",
    "fluid_level_floodedness": "minecraft:overworld/noise_router/fluid_level_floodedness",
    "fluid_level_spread": "minecraft:overworld/noise_router/fluid_level_spread",
    "initial_density_without_jaggedness": "minecraft:overworld/noise_router/initial_density_without_jaggedness",
    "preliminary_surface_level": "minecraft:overworld/noise_router/preliminary_surface_level",
    "lava": "minecraft:overworld/noise_router/lava",
    "ridges": "minecraft:overworld/noise_router/ridges",
    "temperature": "minecraft:overworld/noise_router/temperature",
    "vegetation": "minecraft:overworld/noise_router/vegetation",
    "vein_gap": "minecraft:overworld/noise_router/vein_gap",
    "vein_ridged": "minecraft:overworld/noise_router/vein_ridged",
    "vein_toggle": "minecraft:overworld/noise_router/vein_toggle"
  },
  "surface_rule": {
    "sequence": [
      {
        "if_true": {
          "false_at_and_above": {
            "above_bottom": 5
          },
          "random_name": "minecraft:bedrock_floor",
          "true_at_and_below": {
            "above_bottom": 0
          },
          "type": "minecraft:vertical_gradient"
        },
        "then_run": {
          "result_state": {
            "Name": "minecraft:bedrock"
          },
          "type": "minecraft:block"
        },
        "type": "minecraft:condition"
      },
      {
        "if_true": {
          "type": "minecraft:above_preliminary_surface"
        },
        "then_run": {
          "sequence": [
            {
              "if_true": {
                "add_stone_depth": true,
                "offset": -10,
                "surface_depth_multiplier": 0,
                "type": "minecraft:water"
              },
              "then_run": {
                "if_true": {
                  "add_surface_depth": false,
                  "offset": 2,
                  "secondary_depth_range": 3,
                  "surface_type": "floor",
                  "type": "minecraft:stone_depth"
                },
                "then_run": {
                  "sequence": [
                    {
                      "if_true": {
                        "biome_is": [
                          "minecraft:river",
                          "minecraft:cherry_grove",
                          "minecraft:flower_forest",
                          "minecraft:sunflower_plains"
                        ],
                        "type": "minecraft:biome"
                      },
                      "then_run": {
                        "if_true": {
                          "invert": {
                            "add_stone_depth": true,
                            "offset": -2,
                            "surface_depth_multiplier": 0,
                            "type": "minecraft:water"
                          },
                          "type": "minecraft:not"
                        },
                        "then_run": {
                          "result_state": {
                            "Name": "clay",
                            "Properties": {}
                          },
                          "type": "block"
                        },
                        "type": "minecraft:condition"
                      },
                      "type": "minecraft:condition"
                    },
                    {
                      "if_true": {
                        "biome_is": [
                          "clifftree:cold_river",
                          "minecraft:frozen_river",
                          "clifftree:tundra",
                          "minecraft:taiga",
                          "minecraft:snowy_plains",
                          "minecraft:snowy_taiga",
                          "clifftree:snowy_old_growth_taiga"
                        ],
                        "type": "minecraft:biome"
                      },
                      "then_run": {
                        "if_true": {
                          "invert": {
                            "add_stone_depth": true,
                            "offset": -2,
                            "surface_depth_multiplier": 0,
                            "type": "minecraft:water"
                          },
                          "type": "minecraft:not"
                        },
                        "then_run": {
                          "result_state": {
                            "Name": "gravel",
                            "Properties": {}
                          },
                          "type": "block"
                        },
                        "type": "minecraft:condition"
                      },
                      "type": "minecraft:condition"
                    },
                    {
                      "if_true": {
                        "biome_is": [
                          "clifftree:tropical_river",
                          "minecraft:bamboo_jungle",
                          "minecraft:jungle",
                          "minecraft:sparse_jungle"
                        ],
                        "type": "minecraft:biome"
                      },
                      "then_run": {
                        "if_true": {
                          "invert": {
                            "add_stone_depth": true,
                            "offset": -3,
                            "surface_depth_multiplier": 0,
                            "type": "minecraft:water"
                          },
                          "type": "minecraft:not"
                        },
                        "then_run": {
                          "result_state": {
                            "Name": "mud",
                            "Properties": {}
                          },
                          "type": "block"
                        },
                        "type": "minecraft:condition"
                      },
                      "type": "minecraft:condition"
                    },
                    {
                      "if_true": {
                        "biome_is": [
                          "clifftree:warm_river",
                          "clifftree:shrubland",
                          "clifftree:oasis",
                          "minecraft:desert",
                          "minecraft:badlands",
                          "minecraft:eroded_badlands",
                          "minecraft:wooded_badlands",
                          "clifftree:coniferous_badlands",
                          "clifftree:desert_cliff"
                        ],
                        "type": "minecraft:biome"
                      },
                      "then_run": {
                        "if_true": {
                          "invert": {
                            "add_stone_depth": true,
                            "offset": -4,
                            "surface_depth_multiplier": 0,
                            "type": "minecraft:water"
                          },
                          "type": "minecraft:not"
                        },
                        "then_run": {
                          "result_state": {
                            "Name": "light_gray_terracotta",
                            "Properties": {}
                          },
                          "type": "block"
                        },
                        "type": "minecraft:condition"
                      },
                      "type": "minecraft:condition"
                    },
                    {
                      "if_true": {
                        "biome_is": [
                          "clifftree:glacier_cliff",
                          "minecraft:ice_spikes",
                          "minecraft:grove"
                        ],
                        "type": "minecraft:biome"
                      },
                      "then_run": {
                        "if_true": {
                          "invert": {
                            "add_stone_depth": true,
                            "offset": -4,
                            "surface_depth_multiplier": 0,
                            "type": "minecraft:water"
                          },
                          "type": "minecraft:not"
                        },
                        "then_run": {
                          "result_state": {
                            "Name": "blue_ice",
                            "Properties": {}
                          },
                          "type": "block"
                        },
                        "type": "minecraft:condition"
                      },
                      "type": "minecraft:condition"
                    },
                    {
                      "if_true": {
                        "biome_is": [
                          "minecraft:windswept_forest",
                          "minecraft:windswept_gravelly_hills",
                          "minecraft:windswept_hills",
                          "minecraft:pale_garden",
                          "clifftree:stone_ocean",
                          "clifftree:glacier_valley",
                          "minecraft:ice_spikes"
                        ],
                        "type": "minecraft:biome"
                      },
                      "then_run": {
                        "if_true": {
                          "invert": {
                            "add_stone_depth": true,
                            "offset": 0,
                            "surface_depth_multiplier": 0,
                            "type": "minecraft:water"
                          },
                          "type": "minecraft:not"
                        },
                        "then_run": {
                          "sequence": [
                            {
                              "if_true": {
                                "add_surface_depth": false,
                                "offset": 0,
                                "secondary_depth_range": 0,
                                "surface_type": "ceiling",
                                "type": "minecraft:stone_depth"
                              },
                              "then_run": {
                                "result_state": {
                                  "Name": "minecraft:stone",
                                  "Properties": {}
                                },
                                "type": "block"
                              },
                              "type": "minecraft:condition"
                            },
                            {
                              "result_state": {
                                "Name": "minecraft:gravel",
                                "Properties": {}
                              },
                              "type": "block"
                            }
                          ],
                          "type": "minecraft:sequence"
                        },
                        "type": "minecraft:condition"
                      },
                      "type": "minecraft:condition"
                    },
                    {
                      "if_true": {
                        "biome_is": [
                          "minecraft:badlands",
                          "minecraft:eroded_badlands",
                          "minecraft:wooded_badlands",
                          "clifftree:coniferous_badlands"
                        ],
                        "type": "minecraft:biome"
                      },
                      "then_run": {
                        "if_true": {
                          "invert": {
                            "add_stone_depth": true,
                            "offset": 0,
                            "surface_depth_multiplier": 0,
                            "type": "minecraft:water"
                          },
                          "type": "minecraft:not"
                        },
                        "then_run": {
                          "sequence": [
                            {
                              "if_true": {
                                "add_surface_depth": false,
                                "offset": 0,
                                "secondary_depth_range": 0,
                                "surface_type": "ceiling",
                                "type": "minecraft:stone_depth"
                              },
                              "then_run": {
                                "result_state": {
                                  "Name": "minecraft:red_sandstone",
                                  "Properties": {}
                                },
                                "type": "block"
                              },
                              "type": "minecraft:condition"
                            },
                            {
                              "result_state": {
                                "Name": "minecraft:red_sand",
                                "Properties": {}
                              },
                              "type": "block"
                            }
                          ],
                          "type": "minecraft:sequence"
                        },
                        "type": "minecraft:condition"
                      },
                      "type": "minecraft:condition"
                    },
                    {
                      "if_true": {
                        "biome_is": [
                          "minecraft:swamp",
                          "minecraft:mushroom_fields"
                        ],
                        "type": "minecraft:biome"
                      },
                      "then_run": {
                        "if_true": {
                          "invert": {
                            "add_stone_depth": true,
                            "offset": 0,
                            "surface_depth_multiplier": 0,
                            "type": "minecraft:water"
                          },
                          "type": "minecraft:not"
                        },
                        "then_run": {
                          "result_state": {
                            "Name": "mud",
                            "Properties": {}
                          },
                          "type": "block"
                        },
                        "type": "minecraft:condition"
                      },
                      "type": "minecraft:condition"
                    },
                    {
                      "if_true": {
                        "biome_is": [
                          "clifftree:glacier_cliff",
                          "minecraft:ice_spikes"
                        ],
                        "type": "minecraft:biome"
                      },
                      "then_run": {
                        "if_true": {
                          "invert": {
                            "add_stone_depth": true,
                            "offset": -5,
                            "surface_depth_multiplier": 0,
                            "type": "minecraft:water"
                          },
                          "type": "minecraft:not"
                        },
                        "then_run": {
                          "result_state": {
                            "Name": "blue_ice",
                            "Properties": {}
                          },
                          "type": "block"
                        },
                        "type": "minecraft:condition"
                      },
                      "type": "minecraft:condition"
                    }
                  ],
                  "type": "minecraft:sequence"
                },
                "type": "minecraft:condition"
              },
              "type": "minecraft:condition"
            },
            {
              "if_true": {
                "type": "minecraft:steep"
              },
              "then_run": {
                "sequence": [
                  {
                    "if_true": {
                      "biome_is": [
                        "minecraft:jagged_peaks",
                        "minecraft:plains",
                        "minecraft:jungle",
                        "minecraft:cherry_grove",
                        "minecraft:sparse_jungle",
                        "minecraft:bamboo_jungle",
                        "minecraft:meadow",
                        "minecraft:taiga",
                        "minecraft:forest",
                        "minecraft:flower_forest",
                        "minecraft:birch_forest",
                        "minecraft:old_growth_birch_forest",
                        "minecraft:dark_forest",
                        "minecraft:pale_garden",
                        "clifftree:sparse_forest",
                        "clifftree:tundra",
                        "minecraft:mushroom_fields",
                        "minecraft:old_growth_spruce_taiga",
                        "minecraft:old_growth_pine_taiga",
                        "clifftree:snowy_old_growth_taiga",
                        "minecraft:snowy_slopes"
                      ],
                      "type": "minecraft:biome"
                    },
                    "then_run": {
                      "result_state": {
                        "Name": "minecraft:stone"
                      },
                      "type": "minecraft:block"
                    },
                    "type": "minecraft:condition"
                  },
                  {
                    "if_true": {
                      "biome_is": [
                        "minecraft:snowy_plains",
                        "minecraft:snowy_taiga"
                      ],
                      "type": "minecraft:biome"
                    },
                    "then_run": {
                      "if_true": {
                        "add_surface_depth": false,
                        "offset": 0,
                        "secondary_depth_range": 0,
                        "surface_type": "floor",
                        "type": "minecraft:stone_depth"
                      },
                      "then_run": {
                        "result_state": {
                          "Name": "minecraft:grass_block"
                        },
                        "type": "minecraft:block"
                      },
                      "type": "minecraft:condition"
                    },
                    "type": "minecraft:condition"
                  }
                ],
                "type": "minecraft:sequence"
              },
              "type": "minecraft:condition"
            },
            {
              "if_true": {
                "add_surface_depth": false,
                "offset": 2,
                "secondary_depth_range": 3,
                "surface_type": "floor",
                "type": "minecraft:stone_depth"
              },
              "then_run": {
                "sequence": [
                  {
                    "if_true": {
                      "biome_is": [
                        "minecraft:stony_shore",
                        "clifftree:diorite_shore",
                        "clifftree:granite_shore",
                        "clifftree:snowy_diorite_shore"
                      ],
                      "type": "minecraft:biome"
                    },
                    "then_run": {
                      "if_true": {
                        "max_threshold": 0.05,
                        "min_threshold": -0.05,
                        "noise": "minecraft:gravel",
                        "type": "minecraft:noise_threshold"
                      },
                      "then_run": {
                        "sequence": [
                          {
                            "if_true": {
                              "add_surface_depth": false,
                              "offset": 0,
                              "secondary_depth_range": 0,
                              "surface_type": "ceiling",
                              "type": "minecraft:stone_depth"
                            },
                            "then_run": {
                              "result_state": {
                                "Name": "minecraft:stone"
                              },
                              "type": "minecraft:block"
                            },
                            "type": "minecraft:condition"
                          },
                          {
                            "result_state": {
                              "Name": "minecraft:gravel"
                            },
                            "type": "minecraft:block"
                          }
                        ],
                        "type": "minecraft:sequence"
                      },
                      "type": "minecraft:condition"
                    },
                    "type": "minecraft:condition"
                  },
                  {
                    "if_true": {
                      "biome_is": [
                        "minecraft:snowy_slopes",
                        "minecraft:grove"
                      ],
                      "type": "minecraft:biome"
                    },
                    "then_run": {
                      "if_true": {
                        "max_threshold": 0.6,
                        "min_threshold": 0.35,
                        "noise": "minecraft:powder_snow",
                        "type": "minecraft:noise_threshold"
                      },
                      "then_run": {
                        "if_true": {
                          "add_stone_depth": false,
                          "anchor": {
                            "absolute": 65
                          },
                          "surface_depth_multiplier": 0,
                          "type": "minecraft:y_above"
                        },
                        "then_run": {
                          "result_state": {
                            "Name": "minecraft:powder_snow"
                          },
                          "type": "minecraft:block"
                        },
                        "type": "minecraft:condition"
                      },
                      "type": "minecraft:condition"
                    },
                    "type": "minecraft:condition"
                  },
                  {
                    "if_true": {
                      "biome_is": [
                        "minecraft:old_growth_pine_taiga",
                        "minecraft:old_growth_spruce_taiga",
                        "clifftree:snowy_old_growth_taiga"
                      ],
                      "type": "minecraft:biome"
                    },
                    "then_run": {
                      "if_true": {
                        "max_threshold": 0.8,
                        "min_threshold": 0.2,
                        "noise": "minecraft:surface",
                        "type": "minecraft:noise_threshold"
                      },
                      "then_run": {
                        "result_state": {
                          "Name": "minecraft:coarse_dirt"
                        },
                        "type": "minecraft:block"
                      },
                      "type": "minecraft:condition"
                    },
                    "type": "minecraft:condition"
                  },
                  {
                    "if_true": {
                      "biome_is": [
                        "minecraft:windswept_hills"
                      ],
                      "type": "minecraft:biome"
                    },
                    "then_run": {
                      "if_true": {
                        "max_threshold": 1.8,
                        "min_threshold": 0.1,
                        "noise": "minecraft:surface",
                        "type": "minecraft:noise_threshold"
                      },
                      "then_run": {
                        "result_state": {
                          "Name": "minecraft:stone"
                        },
                        "type": "minecraft:block"
                      },
                      "type": "minecraft:condition"
                    },
                    "type": "minecraft:condition"
                  },
                  {
                    "if_true": {
                      "biome_is": [
                        "minecraft:windswept_gravelly_hills"
                      ],
                      "type": "minecraft:biome"
                    },
                    "then_run": {
                      "sequence": [
                        {
                          "if_true": {
                            "max_threshold": 1.8,
                            "min_threshold": 0.25,
                            "noise": "minecraft:surface",
                            "type": "minecraft:noise_threshold"
                          },
                          "then_run": {
                            "sequence": [
                              {
                                "if_true": {
                                  "add_surface_depth": false,
                                  "offset": 0,
                                  "secondary_depth_range": 0,
                                  "surface_type": "ceiling",
                                  "type": "minecraft:stone_depth"
                                },
                                "then_run": {
                                  "result_state": {
                                    "Name": "minecraft:stone"
                                  },
                                  "type": "minecraft:block"
                                },
                                "type": "minecraft:condition"
                              },
                              {
                                "result_state": {
                                  "Name": "minecraft:gravel"
                                },
                                "type": "minecraft:block"
                              }
                            ],
                            "type": "minecraft:sequence"
                          },
                          "type": "minecraft:condition"
                        },
                        {
                          "if_true": {
                            "max_threshold": -0.1,
                            "min_threshold": -2.5,
                            "noise": "minecraft:surface",
                            "type": "minecraft:noise_threshold"
                          },
                          "then_run": {
                            "sequence": [
                              {
                                "if_true": {
                                  "add_surface_depth": false,
                                  "offset": 0,
                                  "secondary_depth_range": 0,
                                  "surface_type": "ceiling",
                                  "type": "minecraft:stone_depth"
                                },
                                "then_run": {
                                  "result_state": {
                                    "Name": "minecraft:stone"
                                  },
                                  "type": "minecraft:block"
                                },
                                "type": "minecraft:condition"
                              },
                              {
                                "result_state": {
                                  "Name": "minecraft:gravel"
                                },
                                "type": "minecraft:block"
                              }
                            ],
                            "type": "minecraft:sequence"
                          },
                          "type": "minecraft:condition"
                        }
                      ],
                      "type": "minecraft:sequence"
                    },
                    "type": "minecraft:condition"
                  },
                  {
                    "if_true": {
                      "biome_is": [
                        "minecraft:stony_peaks"
                      ],
                      "type": "minecraft:biome"
                    },
                    "then_run": {
                      "sequence": [
                        {
                          "if_true": {
                            "max_threshold": 0.0125,
                            "min_threshold": -0.0125,
                            "noise": "minecraft:calcite",
                            "type": "minecraft:noise_threshold"
                          },
                          "then_run": {
                            "result_state": {
                              "Name": "minecraft:calcite"
                            },
                            "type": "minecraft:block"
                          },
                          "type": "minecraft:condition"
                        },
                        {
                          "result_state": {
                            "Name": "minecraft:stone"
                          },
                          "type": "minecraft:block"
                        }
                      ],
                      "type": "minecraft:sequence"
                    },
                    "type": "minecraft:condition"
                  },
                  {
                    "if_true": {
                      "biome_is": [
                        "minecraft:frozen_peaks",
                        "clifftree:frozen_caves",
                        "minecraft:ice_spikes"
                      ],
                      "type": "minecraft:biome"
                    },
                    "then_run": {
                      "sequence": [
                        {
                          "if_true": {
                            "type": "minecraft:steep"
                          },
                          "then_run": {
                            "result_state": {
                              "Name": "minecraft:packed_ice"
                            },
                            "type": "minecraft:block"
                          },
                          "type": "minecraft:condition"
                        },
                        {
                          "if_true": {
                            "max_threshold": 0.2,
                            "min_threshold": 0.0,
                            "noise": "minecraft:packed_ice",
                            "type": "minecraft:noise_threshold"
                          },
                          "then_run": {
                            "result_state": {
                              "Name": "minecraft:packed_ice"
                            },
                            "type": "minecraft:block"
                          },
                          "type": "minecraft:condition"
                        },
                        {
                          "if_true": {
                            "max_threshold": 0.025,
                            "min_threshold": 0.0,
                            "noise": "minecraft:ice",
                            "type": "minecraft:noise_threshold"
                          },
                          "then_run": {
                            "result_state": {
                              "Name": "minecraft:ice"
                            },
                            "type": "minecraft:block"
                          },
                          "type": "minecraft:condition"
                        },
                        {
                          "if_true": {
                            "biome_is": [
                              "minecraft:ice_spikes"
                            ],
                            "type": "minecraft:biome"
                          },
                          "then_run": {
                            "if_true": {
                              "add_stone_depth": false,
                              "offset": 0,
                              "surface_depth_multiplier": 0,
                              "type": "minecraft:water"
                            },
                            "then_run": {
                              "result_state": {
                                "Name": "minecraft:snow_block"
                              },
                              "type": "minecraft:block"
                            },
                            "type": "minecraft:condition"
                          },
                          "type": "minecraft:condition"
                        },
                        {
                          "if_true": {
                            "max_threshold": 0.2,
                            "min_threshold": -0.5,
                            "noise": "minecraft:packed_ice",
                            "type": "minecraft:noise_threshold"
                          },
                          "then_run": {
                            "result_state": {
                              "Name": "minecraft:packed_ice"
                            },
                            "type": "minecraft:block"
                          },
                          "type": "minecraft:condition"
                        },
                        {
                          "if_true": {
                            "max_threshold": 0.025,
                            "min_threshold": -0.0625,
                            "noise": "minecraft:ice",
                            "type": "minecraft:noise_threshold"
                          },
                          "then_run": {
                            "result_state": {
                              "Name": "minecraft:ice"
                            },
                            "type": "minecraft:block"
                          },
                          "type": "minecraft:condition"
                        }
                      ],
                      "type": "minecraft:sequence"
                    },
                    "type": "minecraft:condition"
                  },
                  {
                    "if_true": {
                      "biome_is": [
                        "minecraft:snowy_slopes",
                        "minecraft:frozen_peaks",
                        "clifftree:frozen_caves"
                      ],
                      "type": "minecraft:biome"
                    },
                    "then_run": {
                      "if_true": {
                        "add_stone_depth": false,
                        "offset": 0,
                        "surface_depth_multiplier": 0,
                        "type": "minecraft:water"
                      },
                      "then_run": {
                        "result_state": {
                          "Name": "minecraft:snow_block"
                        },
                        "type": "minecraft:block"
                      },
                      "type": "minecraft:condition"
                    },
                    "type": "minecraft:condition"
                  },
                  {
                    "if_true": {
                      "biome_is": [
                        "minecraft:badlands",
                        "minecraft:eroded_badlands",
                        "minecraft:wooded_badlands",
                        "clifftree:coniferous_badlands"
                      ],
                      "type": "minecraft:biome"
                    },
                    "then_run": {
                      "if_true": {
                        "invert": {
                          "add_stone_depth": true,
                          "anchor": {
                            "absolute": 75
                          },
                          "surface_depth_multiplier": 1,
                          "type": "minecraft:y_above"
                        },
                        "type": "minecraft:not"
                      },
                      "then_run": {
                        "sequence": [
                          {
                            "if_true": {
                              "add_surface_depth": false,
                              "offset": 0,
                              "secondary_depth_range": 1,
                              "surface_type": "floor",
                              "type": "minecraft:stone_depth"
                            },
                            "then_run": {
                              "if_true": {
                                "add_surface_depth": false,
                                "offset": 0,
                                "secondary_depth_range": 0,
                                "surface_type": "ceiling",
                                "type": "minecraft:stone_depth"
                              },
                              "then_run": {
                                "result_state": {
                                  "Name": "minecraft:red_sandstone"
                                },
                                "type": "block"
                              },
                              "type": "minecraft:condition"
                            },
                            "type": "minecraft:condition"
                          },
                          {
                            "if_true": {
                              "add_surface_depth": false,
                              "offset": 0,
                              "secondary_depth_range": 1,
                              "surface_type": "floor",
                              "type": "minecraft:stone_depth"
                            },
                            "then_run": {
                              "result_state": {
                                "Name": "minecraft:red_sand"
                              },
                              "type": "block"
                            },
                            "type": "minecraft:condition"
                          },
                          {
                            "if_true": {
                              "add_surface_depth": false,
                              "offset": 1,
                              "secondary_depth_range": 1,
                              "surface_type": "floor",
                              "type": "minecraft:stone_depth"
                            },
                            "then_run": {
                              "result_state": {
                                "Name": "minecraft:red_sandstone"
                              },
                              "type": "block"
                            },
                            "type": "minecraft:condition"
                          },
                          {
                            "result_state": {
                              "Name": "minecraft:smooth_red_sandstone"
                            },
                            "type": "block"
                          }
                        ],
                        "type": "minecraft:sequence"
                      },
                      "type": "minecraft:condition"
                    },
                    "type": "minecraft:condition"
                  },
                  {
                    "if_true": {
                      "biome_is": [
                        "minecraft:desert",
                        "clifftree:warm_river",
                        "clifftree:tropical_beach",
                        "minecraft:beach",
                        "minecraft:ocean",
                        "minecraft:lukewarm_ocean",
                        "minecraft:deep_lukewarm_ocean",
                        "minecraft:warm_ocean"
                      ],
                      "type": "minecraft:biome"
                    },
                    "then_run": {
                      "if_true": {
                        "add_stone_depth": true,
                        "offset": -7,
                        "surface_depth_multiplier": 0,
                        "type": "minecraft:water"
                      },
                      "then_run": {
                        "sequence": [
                          {
                            "if_true": {
                              "add_surface_depth": false,
                              "offset": 0,
                              "secondary_depth_range": 0,
                              "surface_type": "ceiling",
                              "type": "minecraft:stone_depth"
                            },
                            "then_run": {
                              "result_state": {
                                "Name": "minecraft:sandstone"
                              },
                              "type": "block"
                            },
                            "type": "minecraft:condition"
                          },
                          {
                            "if_true": {
                              "add_surface_depth": false,
                              "offset": 1,
                              "secondary_depth_range": 4,
                              "surface_type": "floor",
                              "type": "minecraft:stone_depth"
                            },
                            "then_run": {
                              "result_state": {
                                "Name": "minecraft:sand"
                              },
                              "type": "block"
                            },
                            "type": "minecraft:condition"
                          },
                          {
                            "result_state": {
                              "Name": "minecraft:sandstone"
                            },
                            "type": "block"
                          }
                        ],
                        "type": "minecraft:sequence"
                      },
                      "type": "minecraft:condition"
                    },
                    "type": "minecraft:condition"
                  },
                  {
                    "if_true": {
                      "biome_is": [
                        "minecraft:cold_ocean",
                        "clifftree:gravelly_beach",
                        "minecraft:snowy_beach",
                        "minecraft:deep_cold_ocean",
                        "minecraft:frozen_ocean",
                        "minecraft:deep_frozen_ocean"
                      ],
                      "type": "minecraft:biome"
                    },
                    "then_run": {
                      "if_true": {
                        "add_stone_depth": true,
                        "offset": -7,
                        "surface_depth_multiplier": 0,
                        "type": "minecraft:water"
                      },
                      "then_run": {
                        "sequence": [
                          {
                            "if_true": {
                              "add_surface_depth": false,
                              "offset": 0,
                              "secondary_depth_range": 0,
                              "surface_type": "ceiling",
                              "type": "minecraft:stone_depth"
                            },
                            "then_run": {
                              "result_state": {
                                "Name": "minecraft:stone"
                              },
                              "type": "block"
                            },
                            "type": "minecraft:condition"
                          },
                          {
                            "if_true": {
                              "add_surface_depth": false,
                              "offset": 1,
                              "secondary_depth_range": 4,
                              "surface_type": "floor",
                              "type": "minecraft:stone_depth"
                            },
                            "then_run": {
                              "result_state": {
                                "Name": "minecraft:gravel"
                              },
                              "type": "block"
                            },
                            "type": "minecraft:condition"
                          },
                          {
                            "result_state": {
                              "Name": "minecraft:stone"
                            },
                            "type": "block"
                          }
                        ],
                        "type": "minecraft:sequence"
                      },
                      "type": "minecraft:condition"
                    },
                    "type": "minecraft:condition"
                  },
                  {
                    "if_true": {
                      "biome_is": [
                        "clifftree:bog",
                        "minecraft:mangrove_swamp"
                      ],
                      "type": "minecraft:biome"
                    },
                    "then_run": {
                      "result_state": {
                        "Name": "minecraft:mud"
                      },
                      "type": "block"
                    },
                    "type": "minecraft:condition"
                  },
                  {
                    "if_true": {
                      "biome_is": [
                        "minecraft:mushroom_fields"
                      ],
                      "type": "minecraft:biome"
                    },
                    "then_run": {
                      "if_true": {
                        "max_threshold": 0.7,
                        "min_threshold": 0.05,
                        "noise": "minecraft:surface",
                        "type": "minecraft:noise_threshold"
                      },
                      "then_run": {
                        "result_state": {
                          "Name": "minecraft:mud"
                        },
                        "type": "minecraft:block"
                      },
                      "type": "minecraft:condition"
                    },
                    "type": "minecraft:condition"
                  }
                ],
                "type": "minecraft:sequence"
              },
              "type": "minecraft:condition"
            },
            {
              "if_true": {
                "add_surface_depth": false,
                "offset": 0,
                "secondary_depth_range": 0,
                "surface_type": "floor",
                "type": "minecraft:stone_depth"
              },
              "then_run": {
                "sequence": [
                  {
                    "if_true": {
                      "biome_is": [
                        "minecraft:wooded_badlands",
                        "clifftree:coniferous_badlands"
                      ],
                      "type": "minecraft:biome"
                    },
                    "then_run": {
                      "if_true": {
                        "add_stone_depth": false,
                        "anchor": {
                          "absolute": 97
                        },
                        "surface_depth_multiplier": 2,
                        "type": "minecraft:y_above"
                      },
                      "then_run": {
                        "sequence": [
                          {
                            "if_true": {
                              "max_threshold": -0.5454,
                              "min_threshold": -0.909,
                              "noise": "minecraft:surface",
                              "type": "minecraft:noise_threshold"
                            },
                            "then_run": {
                              "result_state": {
                                "Name": "minecraft:coarse_dirt"
                              },
                              "type": "minecraft:block"
                            },
                            "type": "minecraft:condition"
                          },
                          {
                            "if_true": {
                              "max_threshold": 0.1818,
                              "min_threshold": -0.1818,
                              "noise": "minecraft:surface",
                              "type": "minecraft:noise_threshold"
                            },
                            "then_run": {
                              "result_state": {
                                "Name": "minecraft:coarse_dirt"
                              },
                              "type": "minecraft:block"
                            },
                            "type": "minecraft:condition"
                          },
                          {
                            "if_true": {
                              "max_threshold": 0.909,
                              "min_threshold": 0.5454,
                              "noise": "minecraft:surface",
                              "type": "minecraft:noise_threshold"
                            },
                            "then_run": {
                              "result_state": {
                                "Name": "minecraft:coarse_dirt"
                              },
                              "type": "minecraft:block"
                            },
                            "type": "minecraft:condition"
                          },
                          {
                            "sequence": [
                              {
                                "if_true": {
                                  "add_stone_depth": false,
                                  "offset": 0,
                                  "surface_depth_multiplier": 0,
                                  "type": "minecraft:water"
                                },
                                "then_run": {
                                  "result_state": {
                                    "Name": "minecraft:grass_block",
                                    "Properties": {
                                      "snowy": "false"
                                    }
                                  },
                                  "type": "minecraft:block"
                                },
                                "type": "minecraft:condition"
                              },
                              {
                                "result_state": {
                                  "Name": "minecraft:dirt"
                                },
                                "type": "minecraft:block"
                              }
                            ],
                            "type": "minecraft:sequence"
                          }
                        ],
                        "type": "minecraft:sequence"
                      },
                      "type": "minecraft:condition"
                    },
                    "type": "minecraft:condition"
                  },
                  {
                    "if_true": {
                      "biome_is": [
                        "minecraft:windswept_savanna"
                      ],
                      "type": "minecraft:biome"
                    },
                    "then_run": {
                      "sequence": [
                        {
                          "if_true": {
                            "max_threshold": 1.8,
                            "min_threshold": 0.2,
                            "noise": "minecraft:surface",
                            "type": "minecraft:noise_threshold"
                          },
                          "then_run": {
                            "if_true": {
                              "add_stone_depth": true,
                              "offset": 0,
                              "surface_depth_multiplier": 0,
                              "type": "minecraft:water"
                            },
                            "then_run": {
                              "result_state": {
                                "Name": "minecraft:grass_block",
                                "Properties": {
                                  "snowy": "false"
                                }
                              },
                              "type": "minecraft:block"
                            },
                            "type": "minecraft:condition"
                          },
                          "type": "minecraft:condition"
                        },
                        {
                          "if_true": {
                            "max_threshold": 1.7976931348623157E308,
                            "min_threshold": -0.06060606060606061,
                            "noise": "minecraft:surface",
                            "type": "minecraft:noise_threshold"
                          },
                          "then_run": {
                            "result_state": {
                              "Name": "minecraft:coarse_dirt"
                            },
                            "type": "minecraft:block"
                          },
                          "type": "minecraft:condition"
                        }
                      ],
                      "type": "minecraft:sequence"
                    },
                    "type": "minecraft:condition"
                  },
                  {
                    "if_true": {
                      "biome_is": [
                        "minecraft:jagged_peaks",
                        "minecraft:grove",
                        "minecraft:snowy_plains",
                        "minecraft:snowy_taiga"
                      ],
                      "type": "minecraft:biome"
                    },
                    "then_run": {
                      "if_true": {
                        "add_stone_depth": true,
                        "offset": 0,
                        "surface_depth_multiplier": 0,
                        "type": "minecraft:water"
                      },
                      "then_run": {
                        "result_state": {
                          "Name": "minecraft:snow_block"
                        },
                        "type": "minecraft:block"
                      },
                      "type": "minecraft:condition"
                    },
                    "type": "minecraft:condition"
                  },
                  {
                    "if_true": {
                      "biome_is": [
                        "clifftree:snowy_old_growth_taiga"
                      ],
                      "type": "minecraft:biome"
                    },
                    "then_run": {
                      "if_true": {
                        "add_stone_depth": true,
                        "offset": 0,
                        "surface_depth_multiplier": 0,
                        "type": "minecraft:water"
                      },
                      "then_run": {
                        "sequence": [
                          {
                            "if_true": {
                              "max_threshold": 0.1,
                              "min_threshold": -0.05,
                              "noise": "minecraft:packed_ice",
                              "type": "minecraft:noise_threshold"
                            },
                            "then_run": {
                              "result_state": {
                                "Name": "minecraft:snow_block"
                              },
                              "type": "minecraft:block"
                            },
                            "type": "minecraft:condition"
                          },
                          {
                            "if_true": {
                              "max_threshold": 0.1,
                              "min_threshold": -0.4,
                              "noise": "minecraft:packed_ice",
                              "type": "minecraft:noise_threshold"
                            },
                            "then_run": {
                              "result_state": {
                                "Name": "minecraft:snow_block"
                              },
                              "type": "minecraft:block"
                            },
                            "type": "minecraft:condition"
                          }
                        ],
                        "type": "minecraft:sequence"
                      },
                      "type": "minecraft:condition"
                    },
                    "type": "minecraft:condition"
                  },
                  {
                    "if_true": {
                      "biome_is": [
                        "clifftree:glacier_valley",
                        "clifftree:glacier_cliff"
                      ],
                      "type": "minecraft:biome"
                    },
                    "then_run": {
                      "if_true": {
                        "invert": {
                          "false_at_and_above": {
                            "absolute": 70
                          },
                          "random_name": "snow_block",
                          "true_at_and_below": {
                            "absolute": 65
                          },
                          "type": "minecraft:vertical_gradient"
                        },
                        "type": "minecraft:not"
                      },
                      "then_run": {
                        "if_true": {
                          "invert": {
                            "type": "minecraft:steep"
                          },
                          "type": "minecraft:not"
                        },
                        "then_run": {
                          "sequence": [
                            {
                              "if_true": {
                                "max_threshold": -0.5,
                                "min_threshold": -0.9,
                                "noise": "minecraft:surface",
                                "type": "minecraft:noise_threshold"
                              },
                              "then_run": {
                                "result_state": {
                                  "Name": "minecraft:snow_block"
                                },
                                "type": "minecraft:block"
                              },
                              "type": "minecraft:condition"
                            },
                            {
                              "if_true": {
                                "max_threshold": 0.2,
                                "min_threshold": -0.2,
                                "noise": "minecraft:surface",
                                "type": "minecraft:noise_threshold"
                              },
                              "then_run": {
                                "result_state": {
                                  "Name": "minecraft:snow_block"
                                },
                                "type": "minecraft:block"
                              },
                              "type": "minecraft:condition"
                            },
                            {
                              "if_true": {
                                "max_threshold": 0.9,
                                "min_threshold": 0.5,
                                "noise": "minecraft:surface",
                                "type": "minecraft:noise_threshold"
                              },
                              "then_run": {
                                "result_state": {
                                  "Name": "minecraft:snow_block"
                                },
                                "type": "minecraft:block"
                              },
                              "type": "minecraft:condition"
                            }
                          ],
                          "type": "minecraft:sequence"
                        },
                        "type": "minecraft:condition"
                      },
                      "type": "minecraft:condition"
                    },
                    "type": "minecraft:condition"
                  },
                  {
                    "if_true": {
                      "biome_is": [
                        "minecraft:old_growth_pine_taiga",
                        "minecraft:old_growth_spruce_taiga",
                        "clifftree:snowy_old_growth_taiga"
                      ],
                      "type": "minecraft:biome"
                    },
                    "then_run": {
                      "if_true": {
                        "add_stone_depth": true,
                        "offset": 0,
                        "surface_depth_multiplier": 0,
                        "type": "minecraft:water"
                      },
                      "then_run": {
                        "result_state": {
                          "Name": "minecraft:podzol"
                        },
                        "type": "minecraft:block"
                      },
                      "type": "minecraft:condition"
                    },
                    "type": "minecraft:condition"
                  },
                  {
                    "if_true": {
                      "biome_is": [
                        "minecraft:mushroom_fields",
                        "clifftree:mushroom_caves"
                      ],
                      "type": "minecraft:biome"
                    },
                    "then_run": {
                      "if_true": {
                        "add_stone_depth": true,
                        "offset": 0,
                        "surface_depth_multiplier": 0,
                        "type": "minecraft:water"
                      },
                      "then_run": {
                        "result_state": {
                          "Name": "minecraft:mycelium"
                        },
                        "type": "minecraft:block"
                      },
                      "type": "minecraft:condition"
                    },
                    "type": "minecraft:condition"
                  },
                  {
                    "if_true": {
                      "biome_is": [
                        "minecraft:warm_ocean",
                        "minecraft:lukewarm_ocean",
                        "minecraft:deep_lukewarm_ocean"
                      ],
                      "type": "minecraft:biome"
                    },
                    "then_run": {
                      "sequence": [
                        {
                          "if_true": {
                            "add_surface_depth": false,
                            "offset": 0,
                            "secondary_depth_range": 0,
                            "surface_type": "ceiling",
                            "type": "minecraft:stone_depth"
                          },
                          "then_run": {
                            "result_state": {
                              "Name": "minecraft:sandstone",
                              "Properties": {}
                            },
                            "type": "block"
                          },
                          "type": "minecraft:condition"
                        },
                        {
                          "result_state": {
                            "Name": "minecraft:sand",
                            "Properties": {}
                          },
                          "type": "block"
                        }
                      ],
                      "type": "minecraft:sequence"
                    },
                    "type": "minecraft:condition"
                  },
                  {
                    "if_true": {
                      "biome_is": [
                        "clifftree:glacier_cliff"
                      ],
                      "type": "minecraft:biome"
                    },
                    "then_run": {
                      "if_true": {
                        "invert": {
                          "false_at_and_above": {
                            "absolute": 120
                          },
                          "random_name": "snow_block",
                          "true_at_and_below": {
                            "absolute": 90
                          },
                          "type": "minecraft:vertical_gradient"
                        },
                        "type": "minecraft:not"
                      },
                      "then_run": {
                        "result_state": {
                          "Name": "minecraft:snow_block"
                        },
                        "type": "minecraft:block"
                      },
                      "type": "minecraft:condition"
                    },
                    "type": "minecraft:condition"
                  }
                ],
                "type": "minecraft:sequence"
              },
              "type": "minecraft:condition"
            },
            {
              "if_true": {
                "add_surface_depth": false,
                "offset": 8,
                "secondary_depth_range": 0,
                "surface_type": "floor",
                "type": "minecraft:stone_depth"
              },
              "then_run": {
                "if_true": {
                  "add_stone_depth": true,
                  "offset": -5,
                  "surface_depth_multiplier": 0,
                  "type": "minecraft:water"
                },
                "then_run": {
                  "sequence": [
                    {
                      "if_true": {
                        "biome_is": [
                          "minecraft:desert"
                        ],
                        "type": "minecraft:biome"
                      },
                      "then_run": {
                        "result_state": {
                          "Name": "smooth_sandstone",
                          "Properties": {}
                        },
                        "type": "minecraft:block"
                      },
                      "type": "minecraft:condition"
                    },
                    {
                      "if_true": {
                        "biome_is": [
                          "clifftree:shrubland",
                          "clifftree:oasis",
                          "minecraft:savanna_plateau",
                          "clifftree:glacier_valley"
                        ],
                        "type": "minecraft:biome"
                      },
                      "then_run": {
                        "type": "minecraft:bandlands"
                      },
                      "type": "minecraft:condition"
                    }
                  ],
                  "type": "minecraft:sequence"
                },
                "type": "minecraft:condition"
              },
              "type": "minecraft:condition"
            },
            {
              "if_true": {
                "add_stone_depth": true,
                "offset": -5,
                "surface_depth_multiplier": 0,
                "type": "minecraft:water"
              },
              "then_run": {
                "sequence": [
                  {
                    "if_true": {
                      "biome_is": [
                        "minecraft:badlands",
                        "minecraft:eroded_badlands",
                        "minecraft:wooded_badlands",
                        "clifftree:coniferous_badlands",
                        "clifftree:desert_cliff",
                        "clifftree:glacier_valley"
                      ],
                      "type": "minecraft:biome"
                    },
                    "then_run": {
                      "sequence": [
                        {
                          "if_true": {
                            "add_stone_depth": true,
                            "anchor": {
                              "absolute": 74
                            },
                            "surface_depth_multiplier": 0,
                            "type": "minecraft:y_above"
                          },
                          "then_run": {
                            "type": "minecraft:bandlands"
                          },
                          "type": "minecraft:condition"
                        },
                        {
                          "result_state": {
                            "Name": "orange_terracotta",
                            "Properties": {}
                          },
                          "type": "minecraft:block"
                        }
                      ],
                      "type": "minecraft:sequence"
                    },
                    "type": "minecraft:condition"
                  },
                  {
                    "if_true": {
                      "biome_is": [
                        "clifftree:glacier_cliff"
                      ],
                      "type": "minecraft:biome"
                    },
                    "then_run": {
                      "result_state": {
                        "Name": "packed_ice",
                        "Properties": {}
                      },
                      "type": "minecraft:block"
                    },
                    "type": "minecraft:condition"
                  },
                  {
                    "if_true": {
                      "biome_is": [
                        "minecraft:jagged_peaks",
                        "clifftree:granite_shore",
                        "clifftree:diorite_shore",
                        "clifftree:snowy_diorite_shore",
                        "minecraft:stony_shore",
                        "clifftree:stone_ocean"
                      ],
                      "type": "minecraft:biome"
                    },
                    "then_run": {
                      "result_state": {
                        "Name": "minecraft:stone"
                      },
                      "type": "minecraft:block"
                    },
                    "type": "minecraft:condition"
                  }
                ],
                "type": "minecraft:sequence"
              },
              "type": "minecraft:condition"
            },
            {
              "if_true": {
                "invert": {
                  "biome_is": [
                    "clifftree:caves",
                    "clifftree:warm_caves",
                    "clifftree:lukewarm_caves",
                    "clifftree:cold_caves",
                    "clifftree:frozen_caves",
                    "clifftree:mushroom_caves",
                    "minecraft:lush_caves",
                    "minecraft:dripstone_caves"
                  ],
                  "type": "minecraft:biome"
                },
                "type": "minecraft:not"
              },
              "then_run": {
                "sequence": [
                  {
                    "if_true": {
                      "add_surface_depth": false,
                      "offset": 0,
                      "secondary_depth_range": 0,
                      "surface_type": "floor",
                      "type": "minecraft:stone_depth"
                    },
                    "then_run": {
                      "if_true": {
                        "add_stone_depth": true,
                        "offset": 0,
                        "surface_depth_multiplier": 0,
                        "type": "minecraft:water"
                      },
                      "then_run": {
                        "result_state": {
                          "Name": "minecraft:grass_block",
                          "Properties": {}
                        },
                        "type": "minecraft:block"
                      },
                      "type": "minecraft:condition"
                    },
                    "type": "minecraft:condition"
                  },
                  {
                    "if_true": {
                      "add_surface_depth": false,
                      "offset": 2,
                      "secondary_depth_range": 3,
                      "surface_type": "floor",
                      "type": "minecraft:stone_depth"
                    },
                    "then_run": {
                      "sequence": [
                        {
                          "if_true": {
                            "add_stone_depth": true,
                            "offset": 0,
                            "surface_depth_multiplier": 0,
                            "type": "minecraft:water"
                          },
                          "then_run": {
                            "result_state": {
                              "Name": "minecraft:dirt",
                              "Properties": {}
                            },
                            "type": "minecraft:block"
                          },
                          "type": "minecraft:condition"
                        },
                        {
                          "if_true": {
                            "add_stone_depth": true,
                            "offset": -10,
                            "surface_depth_multiplier": 0,
                            "type": "minecraft:water"
                          },
                          "then_run": {
                            "sequence": [
                              {
                                "if_true": {
                                  "add_surface_depth": false,
                                  "offset": 0,
                                  "secondary_depth_range": 0,
                                  "surface_type": "ceiling",
                                  "type": "minecraft:stone_depth"
                                },
                                "then_run": {
                                  "result_state": {
                                    "Name": "minecraft:sandstone",
                                    "Properties": {}
                                  },
                                  "type": "block"
                                },
                                "type": "minecraft:condition"
                              },
                              {
                                "if_true": {
                                  "add_surface_depth": false,
                                  "offset": 1,
                                  "secondary_depth_range": 3,
                                  "surface_type": "floor",
                                  "type": "minecraft:stone_depth"
                                },
                                "then_run": {
                                  "result_state": {
                                    "Name": "minecraft:sand",
                                    "Properties": {}
                                  },
                                  "type": "block"
                                },
                                "type": "minecraft:condition"
                              },
                              {
                                "result_state": {
                                  "Name": "minecraft:sandstone",
                                  "Properties": {}
                                },
                                "type": "block"
                              }
                            ],
                            "type": "minecraft:sequence"
                          },
                          "type": "minecraft:condition"
                        }
                      ],
                      "type": "minecraft:sequence"
                    },
                    "type": "minecraft:condition"
                  },
                  {
                    "if_true": {
                      "add_surface_depth": false,
                      "offset": 0,
                      "secondary_depth_range": 0,
                      "surface_type": "floor",
                      "type": "minecraft:stone_depth"
                    },
                    "then_run": {
                      "sequence": [
                        {
                          "if_true": {
                            "add_surface_depth": false,
                            "offset": 0,
                            "secondary_depth_range": 0,
                            "surface_type": "ceiling",
                            "type": "minecraft:stone_depth"
                          },
                          "then_run": {
                            "result_state": {
                              "Name": "minecraft:stone",
                              "Properties": {}
                            },
                            "type": "block"
                          },
                          "type": "minecraft:condition"
                        },
                        {
                          "result_state": {
                            "Name": "minecraft:gravel",
                            "Properties": {}
                          },
                          "type": "block"
                        }
                      ],
                      "type": "minecraft:sequence"
                    },
                    "type": "minecraft:condition"
                  }
                ],
                "type": "minecraft:sequence"
              },
              "type": "minecraft:condition"
            }
          ],
          "type": "minecraft:sequence"
        },
        "type": "minecraft:condition"
      },
      {
        "if_true": {
          "false_at_and_above": {
            "absolute": 8
          },
          "random_name": "minecraft:deepslate",
          "true_at_and_below": {
            "absolute": 0
          },
          "type": "minecraft:vertical_gradient"
        },
        "then_run": {
          "result_state": {
            "Name": "minecraft:deepslate",
            "Properties": {
              "axis": "y"
            }
          },
          "type": "minecraft:block"
        },
        "type": "minecraft:condition"
      }
    ],
    "type": "minecraft:sequence"
  },
  "spawn_target": [
    {
      "erosion": [
        -1.0,
        1.0
      ],
      "depth": 0.0,
      "weirdness": [
        -1.0,
        -0.16
      ],
      "offset": 0.0,
      "temperature": [
        -1.0,
        1.0
      ],
      "humidity": [
        -1.0,
        1.0
      ],
      "continentalness": [
        -0.11,
        1.0
      ]
    },
    {
      "erosion": [
        -1.0,
        1.0
      ],
      "depth": 0.0,
      "weirdness": [
        0.16,
        1.0
      ],
      "offset": 0.0,
      "temperature": [
        -1.0,
        1.0
      ],
      "humidity": [
        -1.0,
        1.0
      ],
      "continentalness": [
        -0.11,
        1.0
      ]
    }
  ],
  "default_block": {
    "Name": "minecraft:stone"
  }
}