{
    "display": {
        "icon": {
            "id": "quartz_block"
        },
        "title": {
            "translate": "incendium.advancement.quartz_flats.floor_is_tears.title",
            "fallback": "The Floor is Tears"
        },
        "description": {
            "translate": "incendium.advancement.quartz_flats.floor_is_tears.desc",
            "fallback": "Brave the Quartz Flats' frozen lava seas"
        },
        "frame": "task",
        "show_toast": true,
        "announce_to_chat": true,
        "hidden": false
    },
    "parent": "incendium:quartz_flats/root",
    "criteria": {
        "requirement": {
            "trigger": "minecraft:location",
            "conditions": {
                "player": {
                    "location": {
                        "position": {
                            "y": 32
                        },
                        "biomes": "incendium:quartz_flats"
                    }
                }
            }
        }
    }
}