{
    "attributes": {
        "minecraft:visual/fog_color": 10518688,
        "minecraft:visual/water_fog_color": 329011,
        "minecraft:visual/sky_color": 0,
        "minecraft:audio/ambient_sounds": {
            "mood": {
                "sound": "minecraft:ambient.cave",
                "tick_delay": 6000,
                "block_search_extent": 8,
                "offset": 2
            }
        }
    },
    "effects": {
        "water_color": 4159204
    },
    "carvers": [],
    "features": [
        [
            "minecraft:end_island_decorated"
        ],
        [
            "nullscape:float/asteroid"
        ]
    ],
    "spawners": {
        "monster": [
            {
                "type": "minecraft:enderman",
                "weight": 10,
                "minCount": 4,
                "maxCount": 4
            }
        ],
        "creature": [],
        "ambient": [],
        "axolotls": [],
        "underground_water_creature": [],
        "water_creature": [],
        "water_ambient": [],
        "misc": []
    },
    "spawn_costs": {},
    "temperature": 0.5,
    "downfall": 0.5,
    "has_precipitation": false
}